<?xml version="1.0" encoding="UTF-8"?>
<beans xmlns="http://www.springframework.org/schema/beans" 
	   xmlns:aop="http://www.springframework.org/schema/aop" 
	   xmlns:context="http://www.springframework.org/schema/context"
	   xmlns:mvc="http://www.springframework.org/schema/mvc" 
	   xmlns:tx="http://www.springframework.org/schema/tx" 
	   xmlns:xsi="http://www.w3.org/2001/XMLSchema-instance"
	   xsi:schemaLocation="http://www.springframework.org/schema/aop 
		http://www.springframework.org/schema/aop/spring-aop-3.0.xsd 
		http://www.springframework.org/schema/beans 
		http://www.springframework.org/schema/beans/spring-beans-3.0.xsd 
		http://www.springframework.org/schema/context 
		http://www.springframework.org/schema/context/spring-context-3.0.xsd 
		http://www.springframework.org/schema/mvc 
		http://www.springframework.org/schema/mvc/spring-mvc-3.0.xsd 
		http://www.springframework.org/schema/tx 
		http://www.springframework.org/schema/tx/spring-tx-3.0.xsd">

    <!-- 该 BeanPostProcessor 将自动对标注 @Autowired 的 Bean 进行注入 -->
    <!--<bean class="org.springframework.beans.factory.annotation.AutowiredAnnotationBeanPostProcessor"/>-->
    <!-- 引入jdbc配置文件 -->
    <!-- 定义受环境影响易变的变量 -->
    <bean id="commonPropertyPlaceholderConfigurer" class="org.springframework.beans.factory.config.PropertyPlaceholderConfigurer">
        <property name="systemPropertiesModeName" value="SYSTEM_PROPERTIES_MODE_OVERRIDE" />
        <property name="order" value="1" />
        <property name="ignoreResourceNotFound" value="true" />
        <property name="ignoreUnresolvablePlaceholders" value="true" />
        <property name="locations">
            <list>
                <value>classpath*:conf/jdbc.properties</value>
                <value>classpath*:conf/redis.properties</value>
            </list>
        </property>
    </bean>
    <!-- 注解探测器 ， 自动注册bean,并保证@Required,@Autowired的属性被注入 -->
    <context:component-scan base-package="com.zs.*">
        <context:exclude-filter type="annotation" expression="org.springframework.stereotype.Controller" />
    </context:component-scan>
    <!--<context:annotation-config />-->

    <import resource="classpath:spring/spring-mybatis.xml"/>
    <import resource="classpath:spring/spring-redis.xml"/>
    <import resource="classpath:spring/spring-service-provider.xml"/>
</beans>