<?xml version="1.0" encoding="UTF-8"?>
<beans xmlns="http://www.springframework.org/schema/beans"
  xmlns:xsi="http://www.w3.org/2001/XMLSchema-instance"
  xmlns:p="http://www.springframework.org/schema/p"
  xmlns:context="http://www.springframework.org/schema/context"
  xmlns:aop="http://www.springframework.org/schema/aop"
  xmlns:tx="http://www.springframework.org/schema/tx"
  xmlns:util="http://www.springframework.org/schema/util"
  xsi:schemaLocation="http://www.springframework.org/schema/beans
    http://www.springframework.org/schema/beans/spring-beans-3.2.xsd
    http://www.springframework.org/schema/context
    http://www.springframework.org/schema/context/spring-context-3.2.xsd
    http://www.springframework.org/schema/tx
    http://www.springframework.org/schema/tx/spring-tx-3.2.xsd
    http://www.springframework.org/schema/aop
    http://www.springframework.org/schema/aop/spring-aop-3.2.xsd
    http://www.springframework.org/schema/util 
    http://www.springframework.org/schema/util/spring-util-3.2.xsd">
  <!-- 引入jdbc配置文件 -->
  <!--<context:property-placeholder location="classpath:conf/redis.properties"/>-->
  <bean id="redisConfig" class="redis.clients.jedis.JedisPoolConfig">
        <property name="MaxActive">
          <value>${jedis.pool.maxActive}</value>
        </property>
        <property name="MaxIdle">
          <value>${jedis.pool.maxIdle}</value>
        </property>
        <property name="MaxWait">
          <value>${jedis.pool.maxWait}</value>
        </property>
        <property name="TestOnBorrow">
          <value>${jedis.pool.testOnBorrow}</value>
        </property>
        <property name="TestOnReturn">
            <value>${jedis.pool.testOnReturn}</value>
        </property>
  </bean>

    <!-- 对reidsPool配置 -->
    <bean id="jedisPool" class="redis.clients.jedis.JedisPool">
        <constructor-arg index="0" ref="redisConfig"/>
        <constructor-arg index="1">
            <value>${redis.ip}</value>
        </constructor-arg>
        <constructor-arg index="2">
            <value>${redis.port}</value>
        </constructor-arg>
    </bean>
</beans>