<?xml version="1.0" encoding="UTF-8" ?>
<!DOCTYPE mapper
 PUBLIC "-//mybatis.org//DTD Mapper 3.0//EN"
"http://mybatis.org/dtd/mybatis-3-mapper.dtd">
<mapper namespace="com.zs.dao.PositionDAO">
    <resultMap id="positionMap" type="position" >
        <id column="position_id" property="positionId" jdbcType="INTEGER"/>
        <result column="position_name" property="positionName"/>
        <result column="company_id" property="companyId"/>
        <!--<association property="company" foreignColumn="company_id" javaType="company"-->
                     <!--select="cn.springmvc.dao.selectCompanysByPK"/>-->
    </resultMap>

    <insert id="insertPosition" parameterType="position">
          insert into t_position(position_id, position_name, position_information )
          values(#{positionId}, #{positionName}, #{positionInformation} )
    </insert>

    <delete id="deletePosition" parameterType="position">
          delete from t_position
          where position_id = #{positionId}
    </delete>

    <update id="updatePosition" parameterType="position">
          update t_position
          set  position_name =  #{positionName},
              position_information =  #{positionInformation}
    </update>
    
    <select id="selectAllPositions" resultMap="positionMap">
          select * from t_position;
    </select>

    <select id="selectPositionsByCon" parameterType="position" resultMap="positionMap">
          select position_id, position_name,position_information
          from t_position
          where position_name = #{positionName}
    </select>

    <select id="selectPositionsByPK" parameterType="java.lang.Integer" resultMap="positionMap">
          select position_id, position_name, company_id
          from t_position
          where position_id = #{positionId}
    </select>
         

</mapper>
